196,16,06-August-2024,12-August-2024,19-August-2024,26-August-2024
197,19,06-August-2024,12-August-2024,19-August-2024,26-August-2024
198,20,06-August-2024,12-August-2024,19-August-2024,26-August-2024
199,25,06-August-2024,12-August-2024,19-August-2024,26-August-2024
181,15,06-August-2024,12-August-2024,19-August-2024,26-August-2024
182,14,06-August-2024,12-August-2024,19-August-2024,26-August-2024
183,14,06-August-2024,12-August-2024,19-August-2024,26-August-2024
184,13,06-August-2024,12-August-2024,19-August-2024,26-August-2024
185,12,06-August-2024,12-August-2024,19-August-2024,26-August-2024
186,10,06-August-2024,12-August-2024,19-August-2024,26-August-2024
187,10,06-August-2024,12-August-2024,19-August-2024,26-August-2024
188,11,06-August-2024,12-August-2024,19-August-2024,26-August-2024
189,10,06-August-2024,12-August-2024,19-August-2024,26-August-2024
190,6,06-August-2024,12-August-2024,19-August-2024,26-August-2024
191,7,06-August-2024,12-August-2024,19-August-2024,26-August-2024
192,6,06-August-2024,12-August-2024,19-August-2024,26-August-2024
193,9,06-August-2024,12-August-2024,19-August-2024,26-August-2024
194,9,06-August-2024,12-August-2024,19-August-2024,26-August-2024
195,8,06-August-2024,12-August-2024,19-August-2024,26-August-2024
1,5,12-August-2024,19-August-2024,26-August-2024
2,5,12-August-2024,19-August-2024,26-August-2024
3,5,12-August-2024,19-August-2024,26-August-2024
4,5,12-August-2024,19-August-2024,26-August-2024
5,5,12-August-2024,19-August-2024,26-August-2024
6,5,12-August-2024,19-August-2024,26-August-2024
7,5,12-August-2024,19-August-2024,26-August-2024
8,5,12-August-2024,19-August-2024,26-August-2024
9,5,12-August-2024,19-August-2024,26-August-2024
0,5,12-August-2024,19-August-2024,26-August-2024
1,5,12-August-2024,19-August-2024,26-August-2024
2,5,12-August-2024,19-August-2024,26-August-2024
3,5,12-August-2024,19-August-2024,26-August-2024
4,5,12-August-2024,19-August-2024,26-August-2024
5,5,12-August-2024,19-August-2024,26-August-2024
6,5,12-August-2024,19-August-2024,26-August-2024
7,5,12-August-2024,19-August-2024,26-August-2024
8,5,12-August-2024,19-August-2024,26-August-2024
9,5,12-August-2024,19-August-2024,26-August-2024
20,5,12-August-2024,19-August-2024,26-August-2024
21,5,12-August-2024,19-August-2024,26-August-2024
22,5,12-August-2024,19-August-2024,26-August-2024
23,5,12-August-2024,19-August-2024,26-August-2024
24,5,12-August-2024,19-August-2024,26-August-2024
25,5,12-August-2024,19-August-2024,26-August-2024
26,5,12-August-2024,19-August-2024,26-August-2024
27,5,12-August-2024,19-August-2024,26-August-2024
28,5,12-August-2024,19-August-2024,26-August-2024
29,5,12-August-2024,19-August-2024,26-August-2024
30,5,12-August-2024,19-August-2024,26-August-2024
31,5,12-August-2024,19-August-2024,26-August-2024
32,5,12-August-2024,19-August-2024,26-August-2024
33,5,12-August-2024,19-August-2024,26-August-2024
34,5,12-August-2024,19-August-2024,26-August-2024
35,5,12-August-2024,19-August-2024,26-August-2024
36,5,12-August-2024,19-August-2024,26-August-2024
37,5,12-August-2024,19-August-2024,26-August-2024
38,5,12-August-2024,19-August-2024,26-August-2024
39,5,12-August-2024,19-August-2024,26-August-2024
40,5,12-August-2024,19-August-2024,26-August-2024
41,5,12-August-2024,19-August-2024,26-August-2024
42,5,12-August-2024,19-August-2024,26-August-2024
43,5,12-August-2024,19-August-2024,26-August-2024
44,5,12-August-2024,19-August-2024,26-August-2024
45,5,12-August-2024,19-August-2024,26-August-2024
46,5,12-August-2024,19-August-2024,26-August-2024
47,5,12-August-2024,19-August-2024,26-August-2024
48,5,12-August-2024,19-August-2024,26-August-2024
49,5,12-August-2024,19-August-2024,26-August-2024
50,5,12-August-2024,19-August-2024,26-August-2024
51,5,12-August-2024,19-August-2024,26-August-2024
52,5,12-August-2024,19-August-2024,26-August-2024
53,5,12-August-2024,19-August-2024,26-August-2024
54,5,12-August-2024,19-August-2024,26-August-2024
55,5,12-August-2024,19-August-2024,26-August-2024
56,5,12-August-2024,19-August-2024,26-August-2024
57,5,12-August-2024,19-August-2024,26-August-2024
58,5,12-August-2024,19-August-2024,26-August-2024
59,5,12-August-2024,19-August-2024,26-August-2024
60,5,12-August-2024,19-August-2024,26-August-2024
61,5,12-August-2024,19-August-2024,26-August-2024
62,5,12-August-2024,19-August-2024,26-August-2024
63,5,12-August-2024,19-August-2024,26-August-2024
64,5,12-August-2024,19-August-2024,26-August-2024
65,5,12-August-2024,19-August-2024,26-August-2024
66,5,12-August-2024,19-August-2024,26-August-2024
67,5,12-August-2024,19-August-2024,26-August-2024
68,5,12-August-2024,19-August-2024,26-August-2024
69,5,12-August-2024,19-August-2024,26-August-2024
70,5,12-August-2024,19-August-2024,26-August-2024
71,5,12-August-2024,19-August-2024,26-August-2024
72,5,12-August-2024,19-August-2024,26-August-2024
73,5,12-August-2024,19-August-2024,26-August-2024
74,5,12-August-2024,19-August-2024,26-August-2024
75,5,12-August-2024,19-August-2024,26-August-2024
76,5,12-August-2024,19-August-2024,26-August-2024
77,5,12-August-2024,19-August-2024,26-August-2024
78,5,12-August-2024,19-August-2024,26-August-2024
79,5,12-August-2024,19-August-2024,26-August-2024
80,5,12-August-2024,19-August-2024,26-August-2024
81,5,12-August-2024,19-August-2024,26-August-2024
82,5,12-August-2024,19-August-2024,26-August-2024
83,5,12-August-2024,19-August-2024,26-August-2024
84,5,12-August-2024,19-August-2024,26-August-2024
85,5,12-August-2024,19-August-2024,26-August-2024
86,5,12-August-2024,19-August-2024,26-August-2024
87,5,12-August-2024,19-August-2024,26-August-2024
88,5,12-August-2024,19-August-2024,26-August-2024
89,5,12-August-2024,19-August-2024,26-August-2024
90,5,12-August-2024,19-August-2024,26-August-2024
91,5,12-August-2024,19-August-2024,26-August-2024
92,5,12-August-2024,19-August-2024,26-August-2024
93,5,12-August-2024,19-August-2024,26-August-2024
94,5,12-August-2024,19-August-2024,26-August-2024
95,5,12-August-2024,19-August-2024,26-August-2024
96,5,12-August-2024,19-August-2024,26-August-2024
97,5,12-August-2024,19-August-2024,26-August-2024
98,5,12-August-2024,19-August-2024,26-August-2024
99,5,12-August-2024,19-August-2024,26-August-2024
100,5,12-August-2024,19-August-2024,26-August-2024
101,5,12-August-2024,19-August-2024,26-August-2024
102,5,12-August-2024,19-August-2024,26-August-2024
103,5,12-August-2024,19-August-2024,26-August-2024
104,5,12-August-2024,19-August-2024,26-August-2024
105,5,12-August-2024,19-August-2024,26-August-2024
106,5,12-August-2024,19-August-2024,26-August-2024
107,5,12-August-2024,19-August-2024,26-August-2024
108,5,12-August-2024,19-August-2024,26-August-2024
109,5,12-August-2024,19-August-2024,26-August-2024
110,5,12-August-2024,19-August-2024,26-August-2024
111,5,12-August-2024,19-August-2024,26-August-2024
112,5,12-August-2024,19-August-2024,26-August-2024
113,5,12-August-2024,19-August-2024,26-August-2024
114,5,12-August-2024,19-August-2024,26-August-2024
115,5,12-August-2024,19-August-2024,26-August-2024
116,5,12-August-2024,19-August-2024,26-August-2024
117,5,12-August-2024,19-August-2024,26-August-2024
118,5,12-August-2024,19-August-2024,26-August-2024
119,5,12-August-2024,19-August-2024,26-August-2024
120,5,12-August-2024,19-August-2024,26-August-2024
121,5,12-August-2024,19-August-2024,26-August-2024
122,5,12-August-2024,19-August-2024,26-August-2024
123,5,12-August-2024,19-August-2024,26-August-2024
124,5,12-August-2024,19-August-2024,26-August-2024
125,5,12-August-2024,19-August-2024,26-August-2024
126,5,12-August-2024,19-August-2024,26-August-2024
127,5,12-August-2024,19-August-2024,26-August-2024
128,5,12-August-2024,19-August-2024,26-August-2024
129,5,12-August-2024,19-August-2024,26-August-2024
130,5,12-August-2024,19-August-2024,26-August-2024
131,5,12-August-2024,19-August-2024,26-August-2024
132,5,12-August-2024,19-August-2024,26-August-2024
133,5,12-August-2024,19-August-2024,26-August-2024
134,5,12-August-2024,19-August-2024,26-August-2024
135,5,12-August-2024,19-August-2024,26-August-2024
136,5,12-August-2024,19-August-2024,26-August-2024
137,5,12-August-2024,19-August-2024,26-August-2024
138,5,12-August-2024,19-August-2024,26-August-2024
139,5,12-August-2024,19-August-2024,26-August-2024
140,5,12-August-2024,19-August-2024,26-August-2024
151,4,06-August-2024,12-August-2024,19-August-2024,26-August-2024
152,4,06-August-2024,12-August-2024,19-August-2024,26-August-2024
153,4,06-August-2024,12-August-2024,19-August-2024,26-August-2024
154,4,06-August-2024,12-August-2024,19-August-2024,26-August-2024
155,4,06-August-2024,12-August-2024,19-August-2024,26-August-2024
156,4,06-August-2024,12-August-2024,19-August-2024,26-August-2024
157,4,06-August-2024,12-August-2024,19-August-2024,26-August-2024
158,4,06-August-2024,12-August-2024,19-August-2024,26-August-2024
159,4,06-August-2024,12-August-2024,19-August-2024,26-August-2024
160,4,06-August-2024,12-August-2024,19-August-2024,26-August-2024
161,3,07-August-2024,13-August-2024,14-August-2024,20-August-2024,21-August-2024,27-August-2024,28-August-2024
162,3,07-August-2024,13-August-2024,14-August-2024,20-August-2024,21-August-2024,27-August-2024,28-August-2024
163,3,07-August-2024,13-August-2024,14-August-2024,20-August-2024,21-August-2024,27-August-2024,28-August-2024
164,3,07-August-2024,13-August-2024,14-August-2024,20-August-2024,21-August-2024,27-August-2024,28-August-2024
165,3,07-August-2024,13-August-2024,14-August-2024,20-August-2024,21-August-2024,27-August-2024,28-August-2024
166,3,07-August-2024,13-August-2024,14-August-2024,20-August-2024,21-August-2024,27-August-2024,28-August-2024
167,3,07-August-2024,13-August-2024,14-August-2024,20-August-2024,21-August-2024,27-August-2024,28-August-2024
168,3,07-August-2024,13-August-2024,14-August-2024,20-August-2024,21-August-2024,27-August-2024,28-August-2024
169,3,07-August-2024,13-August-2024,14-August-2024,20-August-2024,21-August-2024,27-August-2024,28-August-2024
170,3,07-August-2024,13-August-2024,14-August-2024,20-August-2024,21-August-2024,27-August-2024,28-August-2024
171,2,01-August-2024,07-August-2024,08-August-2024,13-August-2024,14-August-2024,15-August-2024,20-August-2024,21-August-2024,22-August-2024,27-August-2024,28-August-2024,29-August-2024
172,2,01-August-2024,07-August-2024,08-August-2024,13-August-2024,14-August-2024,15-August-2024,20-August-2024,21-August-2024,22-August-2024,27-August-2024,28-August-2024,29-August-2024
173,2,01-August-2024,07-August-2024,08-August-2024,13-August-2024,14-August-2024,15-August-2024,20-August-2024,21-August-2024,22-August-2024,27-August-2024,28-August-2024,29-August-2024
174,2,01-August-2024,07-August-2024,08-August-2024,13-August-2024,14-August-2024,15-August-2024,20-August-2024,21-August-2024,22-August-2024,27-August-2024,28-August-2024,29-August-2024
175,2,01-August-2024,07-August-2024,08-August-2024,13-August-2024,14-August-2024,15-August-2024,20-August-2024,21-August-2024,22-August-2024,27-August-2024,28-August-2024,29-August-2024
176,1,01-August-2024,02-August-2024,07-August-2024,08-August-2024,09-August-2024,13-August-2024,14-August-2024,15-August-2024,16-August-2024,20-August-2024,21-August-2024,22-August-2024,23-August-2024,27-August-2024,28-August-2024,29-August-2024,30-August-2024
177,1,01-August-2024,02-August-2024,07-August-2024,08-August-2024,09-August-2024,13-August-2024,14-August-2024,15-August-2024,16-August-2024,20-August-2024,21-August-2024,22-August-2024,23-August-2024,27-August-2024,28-August-2024,29-August-2024,30-August-2024
178,1,01-August-2024,02-August-2024,07-August-2024,08-August-2024,09-August-2024,13-August-2024,14-August-2024,15-August-2024,16-August-2024,20-August-2024,21-August-2024,22-August-2024,23-August-2024,27-August-2024,28-August-2024,29-August-2024,30-August-2024
179,1,01-August-2024,02-August-2024,07-August-2024,08-August-2024,09-August-2024,13-August-2024,14-August-2024,15-August-2024,16-August-2024,20-August-2024,21-August-2024,22-August-2024,23-August-2024,27-August-2024,28-August-2024,29-August-2024,30-August-2024
180,1,01-August-2024,02-August-2024,07-August-2024,08-August-2024,09-August-2024,13-August-2024,14-August-2024,15-August-2024,16-August-2024,20-August-2024,21-August-2024,22-August-2024,23-August-2024,27-August-2024,28-August-2024,29-August-2024,30-August-2024
141,5,01-August-2024,02-August-2024,07-August-2024,08-August-2024,09-August-2024,13-August-2024,14-August-2024,15-August-2024,16-August-2024,20-August-2024,21-August-2024,22-August-2024,23-August-2024,27-August-2024,28-August-2024,29-August-2024,30-August-2024
396,30,03-September-2024,09-September-2024,16-September-2024,23-September-2024,30-September-2024
397,25,03-September-2024,09-September-2024,16-September-2024,23-September-2024,30-September-2024
398,18,03-September-2024,09-September-2024,16-September-2024,23-September-2024,30-September-2024
399,20,03-September-2024,09-September-2024,16-September-2024,23-September-2024,30-September-2024
381,15,03-September-2024,09-September-2024,16-September-2024,23-September-2024,30-September-2024
382,11,03-September-2024,09-September-2024,16-September-2024,23-September-2024,30-September-2024
383,14,03-September-2024,09-September-2024,16-September-2024,23-September-2024,30-September-2024
384,13,03-September-2024,09-September-2024,16-September-2024,23-September-2024,30-September-2024
385,12,03-September-2024,09-September-2024,16-September-2024,23-September-2024,30-September-2024
386,10,03-September-2024,09-September-2024,16-September-2024,23-September-2024,30-September-2024
387,11,03-September-2024,09-September-2024,16-September-2024,23-September-2024,30-September-2024
388,10,03-September-2024,09-September-2024,16-September-2024,23-September-2024,30-September-2024
389,6,03-September-2024,09-September-2024,16-September-2024,23-September-2024,30-September-2024
390,6,03-September-2024,09-September-2024,16-September-2024,23-September-2024,30-September-2024
391,7,03-September-2024,09-September-2024,16-September-2024,23-September-2024,30-September-2024
392,7,03-September-2024,09-September-2024,16-September-2024,23-September-2024,30-September-2024
393,9,03-September-2024,09-September-2024,16-September-2024,23-September-2024,30-September-2024
394,15,03-September-2024,09-September-2024,16-September-2024,23-September-2024,30-September-2024
395,8,03-September-2024,09-September-2024,16-September-2024,23-September-2024,30-September-2024
201,5,09-September-2024,16-September-2024,23-September-2024,30-September-2024
202,5,09-September-2024,16-September-2024,23-September-2024,30-September-2024
203,5,09-September-2024,16-September-2024,23-September-2024,30-September-2024
204,5,09-September-2024,16-September-2024,23-September-2024,30-September-2024
205,5,09-September-2024,16-September-2024,23-September-2024,30-September-2024
206,5,09-September-2024,16-September-2024,23-September-2024,30-September-2024
207,5,09-September-2024,16-September-2024,23-September-2024,30-September-2024
208,5,09-September-2024,16-September-2024,23-September-2024,30-September-2024
209,5,09-September-2024,16-September-2024,23-September-2024,30-September-2024
210,5,09-September-2024,16-September-2024,23-September-2024,30-September-2024
211,5,09-September-2024,16-September-2024,23-September-2024,30-September-2024
212,5,09-September-2024,16-September-2024,23-September-2024,30-September-2024
213,5,09-September-2024,16-September-2024,23-September-2024,30-September-2024
214,5,09-September-2024,16-September-2024,23-September-2024,30-September-2024
215,5,09-September-2024,16-September-2024,23-September-2024,30-September-2024
216,5,09-September-2024,16-September-2024,23-September-2024,30-September-2024
217,5,09-September-2024,16-September-2024,23-September-2024,30-September-2024
218,5,09-September-2024,16-September-2024,23-September-2024,30-September-2024
219,5,09-September-2024,16-September-2024,23-September-2024,30-September-2024
220,5,09-September-2024,16-September-2024,23-September-2024,30-September-2024
221,5,09-September-2024,16-September-2024,23-September-2024,30-September-2024
222,5,09-September-2024,16-September-2024,23-September-2024,30-September-2024
223,5,09-September-2024,16-September-2024,23-September-2024,30-September-2024
224,5,09-September-2024,16-September-2024,23-September-2024,30-September-2024
225,5,09-September-2024,16-September-2024,23-September-2024,30-September-2024
226,5,09-September-2024,16-September-2024,23-September-2024,30-September-2024
227,5,09-September-2024,16-September-2024,23-September-2024,30-September-2024
228,5,09-September-2024,16-September-2024,23-September-2024,30-September-2024
229,5,09-September-2024,16-September-2024,23-September-2024,30-September-2024
230,5,09-September-2024,16-September-2024,23-September-2024,30-September-2024
231,5,09-September-2024,16-September-2024,23-September-2024,30-September-2024
232,5,09-September-2024,16-September-2024,23-September-2024,30-September-2024
233,5,09-September-2024,16-September-2024,23-September-2024,30-September-2024
234,5,09-September-2024,16-September-2024,23-September-2024,30-September-2024
235,5,09-September-2024,16-September-2024,23-September-2024,30-September-2024
236,5,09-September-2024,16-September-2024,23-September-2024,30-September-2024
237,5,09-September-2024,16-September-2024,23-September-2024,30-September-2024
238,5,09-September-2024,16-September-2024,23-September-2024,30-September-2024
239,5,09-September-2024,16-September-2024,23-September-2024,30-September-2024
240,5,09-September-2024,16-September-2024,23-September-2024,30-September-2024
241,5,09-September-2024,16-September-2024,23-September-2024,30-September-2024
242,5,09-September-2024,16-September-2024,23-September-2024,30-September-2024
243,5,09-September-2024,16-September-2024,23-September-2024,30-September-2024
244,5,09-September-2024,16-September-2024,23-September-2024,30-September-2024
245,5,09-September-2024,16-September-2024,23-September-2024,30-September-2024
246,5,09-September-2024,16-September-2024,23-September-2024,30-September-2024
247,5,09-September-2024,16-September-2024,23-September-2024,30-September-2024
248,5,09-September-2024,16-September-2024,23-September-2024,30-September-2024
249,5,09-September-2024,16-September-2024,23-September-2024,30-September-2024
250,5,09-September-2024,16-September-2024,23-September-2024,30-September-2024
251,5,09-September-2024,16-September-2024,23-September-2024,30-September-2024
252,5,09-September-2024,16-September-2024,23-September-2024,30-September-2024
253,5,09-September-2024,16-September-2024,23-September-2024,30-September-2024
254,5,09-September-2024,16-September-2024,23-September-2024,30-September-2024
255,5,09-September-2024,16-September-2024,23-September-2024,30-September-2024
256,5,09-September-2024,16-September-2024,23-September-2024,30-September-2024
257,5,09-September-2024,16-September-2024,23-September-2024,30-September-2024
258,5,09-September-2024,16-September-2024,23-September-2024,30-September-2024
259,5,09-September-2024,16-September-2024,23-September-2024,30-September-2024
260,5,09-September-2024,16-September-2024,23-September-2024,30-September-2024
261,5,09-September-2024,16-September-2024,23-September-2024,30-September-2024
262,5,09-September-2024,16-September-2024,23-September-2024,30-September-2024
263,5,09-September-2024,16-September-2024,23-September-2024,30-September-2024
264,5,09-September-2024,16-September-2024,23-September-2024,30-September-2024
265,5,09-September-2024,16-September-2024,23-September-2024,30-September-2024
266,5,09-September-2024,16-September-2024,23-September-2024,30-September-2024
267,5,09-September-2024,16-September-2024,23-September-2024,30-September-2024
268,5,09-September-2024,16-September-2024,23-September-2024,30-September-2024
269,5,09-September-2024,16-September-2024,23-September-2024,30-September-2024
270,5,09-September-2024,16-September-2024,23-September-2024,30-September-2024
271,5,09-September-2024,16-September-2024,23-September-2024,30-September-2024
272,5,09-September-2024,16-September-2024,23-September-2024,30-September-2024
273,5,09-September-2024,16-September-2024,23-September-2024,30-September-2024
274,5,09-September-2024,16-September-2024,23-September-2024,30-September-2024
275,5,09-September-2024,16-September-2024,23-September-2024,30-September-2024
276,5,09-September-2024,16-September-2024,23-September-2024,30-September-2024
277,5,09-September-2024,16-September-2024,23-September-2024,30-September-2024
278,5,09-September-2024,16-September-2024,23-September-2024,30-September-2024
279,5,09-September-2024,16-September-2024,23-September-2024,30-September-2024
280,5,09-September-2024,16-September-2024,23-September-2024,30-September-2024
351,4,03-September-2024,09-September-2024,16-September-2024,23-August-2024,30-September-2024
352,4,03-September-2024,09-September-2024,16-September-2024,23-August-2024,30-September-2024
353,4,03-September-2024,09-September-2024,16-September-2024,23-August-2024,30-September-2024
354,4,03-September-2024,09-September-2024,16-September-2024,23-August-2024,30-September-2024
355,4,03-September-2024,09-September-2024,16-September-2024,23-August-2024,30-September-2024
356,4,03-September-2024,09-September-2024,16-September-2024,23-August-2024,30-September-2024
357,4,03-September-2024,09-September-2024,16-September-2024,23-August-2024,30-September-2024
358,4,03-September-2024,09-September-2024,16-September-2024,23-August-2024,30-September-2024
359,4,03-September-2024,09-September-2024,16-September-2024,23-August-2024,30-September-2024
360,4,03-September-2024,09-September-2024,16-September-2024,23-August-2024,30-September-2024
361,3,04-September-2024,10-September-2024,11-September-2024,17-September-2024,18-September-2024,24-September-2024,25-September-2024
362,3,04-September-2024,10-September-2024,11-September-2024,17-September-2024,18-September-2024,24-September-2024,25-September-2024
363,3,04-September-2024,10-September-2024,11-September-2024,17-September-2024,18-September-2024,24-September-2024,25-September-2024
364,3,04-September-2024,10-September-2024,11-September-2024,17-September-2024,18-September-2024,24-September-2024,25-September-2024
365,3,04-September-2024,10-September-2024,11-September-2024,17-September-2024,18-September-2024,24-September-2024,25-September-2024
366,3,04-September-2024,10-September-2024,11-September-2024,17-September-2024,18-September-2024,24-September-2024,25-September-2024
367,3,04-September-2024,10-September-2024,11-September-2024,17-September-2024,18-September-2024,24-September-2024,25-September-2024
368,3,04-September-2024,10-September-2024,11-September-2024,17-September-2024,18-September-2024,24-September-2024,25-September-2024
369,3,04-September-2024,10-September-2024,11-September-2024,17-September-2024,18-September-2024,24-September-2024,25-September-2024
370,3,04-September-2024,10-September-2024,11-September-2024,17-September-2024,18-September-2024,24-September-2024,25-September-2024
371,2,04-September-2024,05-September-2024,10-September-2024,11-September-2024,12-September-2024,17-September-2024,18-September-2024,19-September-2024,24-September-2024,25-September-2024,26-September-2024
372,2,04-September-2024,05-September-2024,10-September-2024,11-September-2024,12-September-2024,17-September-2024,18-September-2024,19-September-2024,24-September-2024,25-September-2024,26-September-2024
373,2,04-September-2024,05-September-2024,10-September-2024,11-September-2024,12-September-2024,17-September-2024,18-September-2024,19-September-2024,24-September-2024,25-September-2024,26-September-2024
374,2,04-September-2024,05-September-2024,10-September-2024,11-September-2024,12-September-2024,17-September-2024,18-September-2024,19-September-2024,24-September-2024,25-September-2024,26-September-2024
375,2,04-September-2024,05-September-2024,10-September-2024,11-September-2024,12-September-2024,17-September-2024,18-September-2024,19-September-2024,24-September-2024,25-September-2024,26-September-2024
281,2,04-September-2024,05-September-2024,10-September-2024,11-September-2024,12-September-2024,17-September-2024,18-September-2024,19-September-2024,24-September-2024,25-September-2024,26-September-2024
272,2,04-September-2024,05-September-2024,10-September-2024,11-September-2024,12-September-2024,17-September-2024,18-September-2024,19-September-2024,24-September-2024,25-September-2024,26-September-2024
273,2,04-September-2024,05-September-2024,10-September-2024,11-September-2024,12-September-2024,17-September-2024,18-September-2024,19-September-2024,24-September-2024,25-September-2024,26-September-2024
274,2,04-September-2024,05-September-2024,10-September-2024,11-September-2024,12-September-2024,17-September-2024,18-September-2024,19-September-2024,24-September-2024,25-September-2024,26-September-2024
275,2,04-September-2024,05-September-2024,10-September-2024,11-September-2024,12-September-2024,17-September-2024,18-September-2024,19-September-2024,24-September-2024,25-September-2024,26-September-2024
376,1,04-September-2024,05-September-2024,06-September-2024,10-September-2024,11-September-2024,12-September-2024,13-September-2024,17-September-2024,18-September-2024,19-September-2024,20-September-2024,24-September-2024,25-September-2024,26-September-2024,27-September-2024
377,1,04-September-2024,05-September-2024,06-September-2024,10-September-2024,11-September-2024,12-September-2024,13-September-2024,17-September-2024,18-September-2024,19-September-2024,20-September-2024,24-September-2024,25-September-2024,26-September-2024,27-September-2024
378,1,04-September-2024,05-September-2024,06-September-2024,10-September-2024,11-September-2024,12-September-2024,13-September-2024,17-September-2024,18-September-2024,19-September-2024,20-September-2024,24-September-2024,25-September-2024,26-September-2024,27-September-2024
379,1,04-September-2024,05-September-2024,06-September-2024,10-September-2024,11-September-2024,12-September-2024,13-September-2024,17-September-2024,18-September-2024,19-September-2024,20-September-2024,24-September-2024,25-September-2024,26-September-2024,27-September-2024
380,1,04-September-2024,05-September-2024,06-September-2024,10-September-2024,11-September-2024,12-September-2024,13-September-2024,17-September-2024,18-September-2024,19-September-2024,20-September-2024,24-September-2024,25-September-2024,26-September-2024,27-September-2024
10000,30,07-October-2024,15-October-2024
10001,25,07-October-2024,15-October-2024
10002,18,07-October-2024,15-October-2024
10003,20,07-October-2024,15-October-2024
10081,15,07-October-2024,15-October-2024,21-October-2024,28-October-2024
10082,11,07-October-2024,15-October-2024,21-October-2024,28-October-2024
10083,14,07-October-2024,15-October-2024,21-October-2024,28-October-2024
10084,13,07-October-2024,15-October-2024,21-October-2024,28-October-2024
10085,12,07-October-2024,15-October-2024,21-October-2024,28-October-2024
10086,10,07-October-2024,15-October-2024,21-October-2024,28-October-2024
10087,11,07-October-2024,15-October-2024,21-October-2024,28-October-2024
10088,10,07-October-2024,15-October-2024,21-October-2024,28-October-2024
10089,6,07-October-2024,15-October-2024,21-October-2024,28-October-2024
10090,6,07-October-2024,15-October-2024,21-October-2024,28-October-2024
10091,7,07-October-2024,15-October-2024,21-October-2024,28-October-2024
10092,7,07-October-2024,15-October-2024,21-October-2024,28-October-2024
10093,9,07-October-2024,15-October-2024,21-October-2024,28-October-2024
10094,15,07-October-2024,15-October-2024,21-October-2024,28-October-2024
10095,8,07-October-2024,15-October-2024,21-October-2024,28-October-2024
10201,5,07-October-2024,21-October-2024,28-October-2024
10202,5,07-October-2024,21-October-2024,28-October-2024
10203,5,07-October-2024,21-October-2024,28-October-2024
10204,5,07-October-2024,21-October-2024,28-October-2024
10205,5,07-October-2024,21-October-2024,28-October-2024
10206,5,07-October-2024,21-October-2024,28-October-2024
10207,5,07-October-2024,21-October-2024,28-October-2024
10208,5,07-October-2024,21-October-2024,28-October-2024
10209,5,07-October-2024,21-October-2024,28-October-2024
10210,5,07-October-2024,21-October-2024,28-October-2024
10211,5,07-October-2024,21-October-2024,28-October-2024
10212,5,07-October-2024,21-October-2024,28-October-2024
10213,5,07-October-2024,21-October-2024,28-October-2024
10214,5,07-October-2024,21-October-2024,28-October-2024
10215,5,07-October-2024,21-October-2024,28-October-2024
10216,5,07-October-2024,21-October-2024,28-October-2024
10217,5,07-October-2024,21-October-2024,28-October-2024
10218,5,07-October-2024,21-October-2024,28-October-2024
10219,5,07-October-2024,21-October-2024,28-October-2024
10220,5,07-October-2024,21-October-2024,28-October-2024
10221,5,07-October-2024,21-October-2024,28-October-2024
10222,5,07-October-2024,21-October-2024,28-October-2024
10223,5,07-October-2024,21-October-2024,28-October-2024
10224,5,07-October-2024,21-October-2024,28-October-2024
10225,5,07-October-2024,21-October-2024,28-October-2024
10226,5,07-October-2024,21-October-2024,28-October-2024
10227,5,07-October-2024,21-October-2024,28-October-2024
10228,5,07-October-2024,21-October-2024,28-October-2024
10229,5,07-October-2024,21-October-2024,28-October-2024
10230,5,07-October-2024,21-October-2024,28-October-2024
10231,5,07-October-2024,21-October-2024,28-October-2024
10232,5,07-October-2024,21-October-2024,28-October-2024
10233,5,07-October-2024,21-October-2024,28-October-2024
10234,5,07-October-2024,21-October-2024,28-October-2024
10235,5,07-October-2024,21-October-2024,28-October-2024
10236,5,07-October-2024,21-October-2024,28-October-2024
10237,5,07-October-2024,21-October-2024,28-October-2024
10238,5,07-October-2024,21-October-2024,28-October-2024
10239,5,07-October-2024,21-October-2024,28-October-2024
10240,5,07-October-2024,21-October-2024,28-October-2024
10241,5,07-October-2024,21-October-2024,28-October-2024
10242,5,07-October-2024,21-October-2024,28-October-2024
10243,5,07-October-2024,21-October-2024,28-October-2024
10244,5,07-October-2024,21-October-2024,28-October-2024
10245,5,07-October-2024,21-October-2024,28-October-2024
10246,5,07-October-2024,21-October-2024,28-October-2024
10247,5,07-October-2024,21-October-2024,28-October-2024
10248,5,07-October-2024,21-October-2024,28-October-2024
10249,5,07-October-2024,21-October-2024,28-October-2024
10250,5,07-October-2024,21-October-2024,28-October-2024
10251,5,07-October-2024,21-October-2024,28-October-2024
10252,5,07-October-2024,21-October-2024,28-October-2024
10253,5,07-October-2024,21-October-2024,28-October-2024
10254,5,07-October-2024,21-October-2024,28-October-2024
10255,5,07-October-2024,21-October-2024,28-October-2024
10256,5,07-October-2024,21-October-2024,28-October-2024
10257,5,07-October-2024,21-October-2024,28-October-2024
10258,5,07-October-2024,21-October-2024,28-October-2024
10259,5,07-October-2024,21-October-2024,28-October-2024
10260,5,07-October-2024,21-October-2024,28-October-2024
10261,5,07-October-2024,21-October-2024,28-October-2024
10262,5,07-October-2024,21-October-2024,28-October-2024
10263,5,07-October-2024,21-October-2024,28-October-2024
10264,5,07-October-2024,21-October-2024,28-October-2024
10265,5,07-October-2024,21-October-2024,28-October-2024
10266,5,07-October-2024,21-October-2024,28-October-2024
10267,5,07-October-2024,21-October-2024,28-October-2024
10268,5,07-October-2024,21-October-2024,28-October-2024
10269,5,07-October-2024,21-October-2024,28-October-2024
10270,5,07-October-2024,21-October-2024,28-October-2024
10271,5,07-October-2024,21-October-2024,28-October-2024
10272,5,07-October-2024,21-October-2024,28-October-2024
10273,5,07-October-2024,21-October-2024,28-October-2024
10274,5,07-October-2024,21-October-2024,28-October-2024
10275,5,07-October-2024,21-October-2024,28-October-2024
10276,5,07-October-2024,21-October-2024,28-October-2024
10277,5,07-October-2024,21-October-2024,28-October-2024
10278,5,07-October-2024,21-October-2024,28-October-2024
10279,5,07-October-2024,21-October-2024,28-October-2024
10280,5,07-October-2024,21-October-2024,28-October-2024
10351,4,07-October-2024,15-October-2024,21-October-2024,28-October-2024
10352,4,07-October-2024,15-October-2024,21-October-2024,28-October-2024
10353,4,07-October-2024,15-October-2024,21-October-2024,28-October-2024
10354,4,07-October-2024,15-October-2024,21-October-2024,28-October-2024
10355,4,07-October-2024,15-October-2024,21-October-2024,28-October-2024
10356,4,07-October-2024,15-October-2024,21-October-2024,28-October-2024
10357,4,07-October-2024,15-October-2024,21-October-2024,28-October-2024
10358,4,07-October-2024,15-October-2024,21-October-2024,28-October-2024
10359,4,07-October-2024,15-October-2024,21-October-2024,28-October-2024
10360,4,07-October-2024,15-October-2024,21-October-2024,28-October-2024
10361,3,01-October-2024,02-October-2024,08-October-2024,09-October-2024,16-October-2024,22-October-2024,23-October-2024,29-October-2024,30-October-2024
10362,3,01-October-2024,02-October-2024,08-October-2024,09-October-2024,16-October-2024,22-October-2024,23-October-2024,29-October-2024,30-October-2024
10363,3,01-October-2024,02-October-2024,08-October-2024,09-October-2024,16-October-2024,22-October-2024,23-October-2024,29-October-2024,30-October-2024
10364,3,01-October-2024,02-October-2024,08-October-2024,09-October-2024,16-October-2024,22-October-2024,23-October-2024,29-October-2024,30-October-2024
10365,3,01-October-2024,02-October-2024,08-October-2024,09-October-2024,16-October-2024,22-October-2024,23-October-2024,29-October-2024,30-October-2024
10366,3,01-October-2024,02-October-2024,08-October-2024,09-October-2024,16-October-2024,22-October-2024,23-October-2024,29-October-2024,30-October-2024
10367,3,01-October-2024,02-October-2024,08-October-2024,09-October-2024,16-October-2024,22-October-2024,23-October-2024,29-October-2024,30-October-2024
10368,3,01-October-2024,02-October-2024,08-October-2024,09-October-2024,16-October-2024,22-October-2024,23-October-2024,29-October-2024,30-October-2024
10369,3,01-October-2024,02-October-2024,08-October-2024,09-October-2024,16-October-2024,22-October-2024,23-October-2024,29-October-2024,30-October-2024
10370,3,01-October-2024,02-October-2024,08-October-2024,09-October-2024,16-October-2024,22-October-2024,23-October-2024,29-October-2024,30-October-2024
10371,2,01-October-2024,02-October-2024,03-October-2024,08-October-2024,09-October-2024,10-October-2024,16-October-2024,17-October-2024,22-October-2024,23-October-2024,24-October-2024,29-October-2024,30-October-2024,31-October-2024
10372,2,01-October-2024,02-October-2024,03-October-2024,08-October-2024,09-October-2024,10-October-2024,16-October-2024,17-October-2024,22-October-2024,23-October-2024,24-October-2024,29-October-2024,30-October-2024,31-October-2024
10373,2,01-October-2024,02-October-2024,03-October-2024,08-October-2024,09-October-2024,10-October-2024,16-October-2024,17-October-2024,22-October-2024,23-October-2024,24-October-2024,29-October-2024,30-October-2024,31-October-2024
10374,2,01-October-2024,02-October-2024,03-October-2024,08-October-2024,09-October-2024,10-October-2024,16-October-2024,17-October-2024,22-October-2024,23-October-2024,24-October-2024,29-October-2024,30-October-2024,31-October-2024
10375,2,01-October-2024,02-October-2024,03-October-2024,08-October-2024,09-October-2024,10-October-2024,16-October-2024,17-October-2024,22-October-2024,23-October-2024,24-October-2024,29-October-2024,30-October-2024,31-October-2024
10281,2,01-October-2024,02-October-2024,03-October-2024,08-October-2024,09-October-2024,10-October-2024,16-October-2024,17-October-2024,22-October-2024,23-October-2024,24-October-2024,29-October-2024,30-October-2024,31-October-2024
10272,2,01-October-2024,02-October-2024,03-October-2024,08-October-2024,09-October-2024,10-October-2024,16-October-2024,17-October-2024,22-October-2024,23-October-2024,24-October-2024,29-October-2024,30-October-2024,31-October-2024
10273,2,01-October-2024,02-October-2024,03-October-2024,08-October-2024,09-October-2024,10-October-2024,16-October-2024,17-October-2024,22-October-2024,23-October-2024,24-October-2024,29-October-2024,30-October-2024,31-October-2024
10274,2,01-October-2024,02-October-2024,03-October-2024,08-October-2024,09-October-2024,10-October-2024,16-October-2024,17-October-2024,22-October-2024,23-October-2024,24-October-2024,29-October-2024,30-October-2024,31-October-2024
10275,2,01-October-2024,02-October-2024,03-October-2024,08-October-2024,09-October-2024,10-October-2024,16-October-2024,17-October-2024,22-October-2024,23-October-2024,24-October-2024,29-October-2024,30-October-2024,31-October-2024
10376,1,01-October-2024,02-October-2024,03-October-2024,04-October-2024,08-October-2024,09-October-2024,10-October-2024,11-October-2024,16-October-2024,17-October-2024,18-October-2024,22-October-2024,23-October-2024,24-October-2024,25-October-2024,29-October-2024,30-October-2024,31-October-2024
10377,1,01-October-2024,02-October-2024,03-October-2024,04-October-2024,08-October-2024,09-October-2024,10-October-2024,11-October-2024,16-October-2024,17-October-2024,18-October-2024,22-October-2024,23-October-2024,24-October-2024,25-October-2024,29-October-2024,30-October-2024,31-October-2024
10378,1,01-October-2024,02-October-2024,03-October-2024,04-October-2024,08-October-2024,09-October-2024,10-October-2024,11-October-2024,16-October-2024,17-October-2024,18-October-2024,22-October-2024,23-October-2024,24-October-2024,25-October-2024,29-October-2024,30-October-2024,31-October-2024
10379,1,01-October-2024,02-October-2024,03-October-2024,04-October-2024,08-October-2024,09-October-2024,10-October-2024,11-October-2024,16-October-2024,17-October-2024,18-October-2024,22-October-2024,23-October-2024,24-October-2024,25-October-2024,29-October-2024,30-October-2024,31-October-2024
10380,1,01-October-2024,02-October-2024,03-October-2024,04-October-2024,08-October-2024,09-October-2024,10-October-2024,11-October-2024,16-October-2024,17-October-2024,18-October-2024,22-October-2024,23-October-2024,24-October-2024,25-October-2024,29-October-2024,30-October-2024,31-October-2024
